,DATE,CASES,BOROUGH
,02/29/2020,0,Bronx
,03/01/2020,0,Bronx
,03/02/2020,0,Bronx
,03/03/2020,0,Bronx
,03/04/2020,0,Bronx
,03/05/2020,0,Bronx
,03/06/2020,2,Bronx
,03/07/2020,0,Bronx
,03/08/2020,3,Bronx
,03/09/2020,4,Bronx
,03/10/2020,8,Bronx
,03/11/2020,19,Bronx
,03/12/2020,29,Bronx
,03/13/2020,79,Bronx
,03/14/2020,86,Bronx
,03/15/2020,119,Bronx
,03/16/2020,305,Bronx
,03/17/2020,343,Bronx
,03/18/2020,482,Bronx
,03/19/2020,623,Bronx
,03/20/2020,723,Bronx
,03/21/2020,490,Bronx
,03/22/2020,494,Bronx
,03/23/2020,730,Bronx
,03/24/2020,927,Bronx
,03/25/2020,1068,Bronx
,03/26/2020,998,Bronx
,03/27/2020,1090,Bronx
,03/28/2020,762,Bronx
,03/29/2020,700,Bronx
,03/30/2020,1313,Bronx
,03/31/2020,1282,Bronx
,04/01/2020,1240,Bronx
,04/02/2020,1291,Bronx
,04/03/2020,1450,Bronx
,04/04/2020,1011,Bronx
,04/05/2020,823,Bronx
,04/06/2020,1514,Bronx
,04/07/2020,1463,Bronx
,04/08/2020,1305,Bronx
,04/09/2020,1283,Bronx
,04/10/2020,1228,Bronx
,04/11/2020,998,Bronx
,04/12/2020,763,Bronx
,04/13/2020,693,Bronx
,04/14/2020,1076,Bronx
,04/15/2020,1068,Bronx
,04/16/2020,940,Bronx
,04/17/2020,917,Bronx
,04/18/2020,552,Bronx
,04/19/2020,532,Bronx
,04/20/2020,981,Bronx
,04/21/2020,641,Bronx
,04/22/2020,927,Bronx
,04/23/2020,734,Bronx
,04/24/2020,580,Bronx
,04/25/2020,417,Bronx
,04/26/2020,196,Bronx
,04/27/2020,550,Bronx
,04/28/2020,668,Bronx
,04/29/2020,556,Bronx
,04/30/2020,482,Bronx
,05/01/2020,449,Bronx
,05/02/2020,263,Bronx
,05/03/2020,153,Bronx
,05/04/2020,348,Bronx
,05/05/2020,294,Bronx
,05/06/2020,279,Bronx
,05/07/2020,298,Bronx
,05/08/2020,252,Bronx
,05/09/2020,175,Bronx
,05/10/2020,75,Bronx
,05/11/2020,226,Bronx
,05/12/2020,355,Bronx
,05/13/2020,461,Bronx
,05/14/2020,255,Bronx
,05/15/2020,180,Bronx
,05/16/2020,108,Bronx
,05/17/2020,56,Bronx
,05/18/2020,187,Bronx
,05/19/2020,182,Bronx
,05/20/2020,278,Bronx
,05/21/2020,199,Bronx
,05/22/2020,264,Bronx
,05/23/2020,90,Bronx
,05/24/2020,101,Bronx
,05/25/2020,103,Bronx
,05/26/2020,284,Bronx
,05/27/2020,182,Bronx
,05/28/2020,118,Bronx
,05/29/2020,164,Bronx
,05/30/2020,80,Bronx
,05/31/2020,30,Bronx
,06/01/2020,158,Bronx
,06/02/2020,122,Bronx
,06/03/2020,113,Bronx
,06/04/2020,127,Bronx
,06/05/2020,108,Bronx
,06/06/2020,50,Bronx
,06/07/2020,43,Bronx
,06/08/2020,97,Bronx
,06/09/2020,84,Bronx
,06/10/2020,76,Bronx
,06/11/2020,65,Bronx
,06/12/2020,80,Bronx
,06/13/2020,46,Bronx
,06/14/2020,27,Bronx
,06/15/2020,80,Bronx
,06/16/2020,80,Bronx
,06/17/2020,68,Bronx
,06/18/2020,60,Bronx
,06/19/2020,83,Bronx
,06/20/2020,53,Bronx
,06/21/2020,25,Bronx
,06/22/2020,92,Bronx
,06/23/2020,73,Bronx
,06/24/2020,90,Bronx
,06/25/2020,64,Bronx
,06/26/2020,66,Bronx
,06/27/2020,26,Bronx
,06/28/2020,35,Bronx
,06/29/2020,75,Bronx
,06/30/2020,77,Bronx
,07/01/2020,62,Bronx
,07/02/2020,74,Bronx
,07/03/2020,41,Bronx
,07/04/2020,21,Bronx
,07/05/2020,19,Bronx
,07/06/2020,67,Bronx
,07/07/2020,112,Bronx
,07/08/2020,83,Bronx
,07/09/2020,90,Bronx
,07/10/2020,65,Bronx
,07/11/2020,40,Bronx
,07/12/2020,44,Bronx
,07/13/2020,108,Bronx
,07/14/2020,70,Bronx
,07/15/2020,107,Bronx
,07/16/2020,95,Bronx
,07/17/2020,75,Bronx
,07/18/2020,54,Bronx
,07/19/2020,38,Bronx
,07/20/2020,95,Bronx
,07/21/2020,71,Bronx
,07/22/2020,79,Bronx
,07/23/2020,69,Bronx
,07/24/2020,73,Bronx
,07/25/2020,25,Bronx
,07/26/2020,30,Bronx
,07/27/2020,58,Bronx
,07/28/2020,58,Bronx
,07/29/2020,81,Bronx
,07/30/2020,58,Bronx
,07/31/2020,55,Bronx
,08/01/2020,37,Bronx
,08/02/2020,30,Bronx
,08/03/2020,96,Bronx
,08/04/2020,47,Bronx
,08/05/2020,66,Bronx
,08/06/2020,65,Bronx
,08/07/2020,53,Bronx
,08/08/2020,30,Bronx
,08/09/2020,19,Bronx
,08/10/2020,89,Bronx
,08/11/2020,70,Bronx
,08/12/2020,59,Bronx
,08/13/2020,60,Bronx
,08/14/2020,68,Bronx
,08/15/2020,42,Bronx
,08/16/2020,23,Bronx
,08/17/2020,71,Bronx
,08/18/2020,55,Bronx
,08/19/2020,50,Bronx
,08/20/2020,63,Bronx
,08/21/2020,52,Bronx
,08/22/2020,29,Bronx
,08/23/2020,32,Bronx
,08/24/2020,64,Bronx
,08/25/2020,64,Bronx
,08/26/2020,64,Bronx
,08/27/2020,52,Bronx
,08/28/2020,77,Bronx
,08/29/2020,28,Bronx
,08/30/2020,20,Bronx
,08/31/2020,46,Bronx
,09/01/2020,52,Bronx
,09/02/2020,42,Bronx
,09/03/2020,40,Bronx
,09/04/2020,44,Bronx
,09/05/2020,30,Bronx
,09/06/2020,18,Bronx
,09/07/2020,32,Bronx
,09/08/2020,81,Bronx
,09/09/2020,56,Bronx
,09/10/2020,45,Bronx
,09/11/2020,55,Bronx
,09/12/2020,35,Bronx
,09/13/2020,19,Bronx
,09/14/2020,75,Bronx
,09/15/2020,54,Bronx
,09/16/2020,49,Bronx
,09/17/2020,59,Bronx
,09/18/2020,45,Bronx
,09/19/2020,30,Bronx
,09/20/2020,24,Bronx
,09/21/2020,69,Bronx
,09/22/2020,59,Bronx
,09/23/2020,80,Bronx
,09/24/2020,63,Bronx
,09/25/2020,49,Bronx
,09/26/2020,42,Bronx
,09/27/2020,32,Bronx
,09/28/2020,82,Bronx
,09/29/2020,64,Bronx
,09/30/2020,52,Bronx
,10/01/2020,76,Bronx
,10/02/2020,80,Bronx
,10/03/2020,34,Bronx
,10/04/2020,34,Bronx
,10/05/2020,94,Bronx
,10/06/2020,67,Bronx
,10/07/2020,75,Bronx
,10/08/2020,83,Bronx
,10/09/2020,92,Bronx
,10/10/2020,36,Bronx
,10/11/2020,38,Bronx
,10/12/2020,53,Bronx
,10/13/2020,91,Bronx
,10/14/2020,89,Bronx
,10/15/2020,91,Bronx
,10/16/2020,78,Bronx
,10/17/2020,64,Bronx
,10/18/2020,45,Bronx
,10/19/2020,108,Bronx
,10/20/2020,91,Bronx
,10/21/2020,96,Bronx
,10/22/2020,122,Bronx
,10/23/2020,115,Bronx
,10/24/2020,73,Bronx
,10/25/2020,66,Bronx
,10/26/2020,132,Bronx
,10/27/2020,119,Bronx
,10/28/2020,125,Bronx
,10/29/2020,100,Bronx
,10/30/2020,115,Bronx
,10/31/2020,66,Bronx
,11/01/2020,57,Bronx
,11/02/2020,159,Bronx
,11/03/2020,153,Bronx
,11/04/2020,187,Bronx
,11/05/2020,198,Bronx
,11/06/2020,191,Bronx
,11/07/2020,134,Bronx
,11/08/2020,106,Bronx
,11/09/2020,241,Bronx
,11/10/2020,274,Bronx
,11/11/2020,239,Bronx
,11/12/2020,247,Bronx
,11/13/2020,271,Bronx
,11/14/2020,193,Bronx
,11/15/2020,135,Bronx
,11/16/2020,313,Bronx
,11/17/2020,337,Bronx
,11/18/2020,307,Bronx
,11/19/2020,362,Bronx
,11/20/2020,326,Bronx
,11/21/2020,254,Bronx
,11/22/2020,183,Bronx
,11/23/2020,437,Bronx
,11/24/2020,374,Bronx
,11/25/2020,423,Bronx
,11/26/2020,138,Bronx
,11/27/2020,386,Bronx
,11/28/2020,332,Bronx
,11/29/2020,229,Bronx
,11/30/2020,455,Bronx
,12/01/2020,580,Bronx
,12/02/2020,525,Bronx
,12/03/2020,521,Bronx
,12/04/2020,562,Bronx
,12/05/2020,326,Bronx
,12/06/2020,248,Bronx
,12/07/2020,555,Bronx
,12/08/2020,499,Bronx
,12/09/2020,527,Bronx
,12/10/2020,570,Bronx
,12/11/2020,499,Bronx
,12/12/2020,391,Bronx
,12/13/2020,311,Bronx
,12/14/2020,613,Bronx
,12/15/2020,636,Bronx
,12/16/2020,443,Bronx
,12/17/2020,265,Bronx
,12/18/2020,619,Bronx
,12/19/2020,403,Bronx
,12/20/2020,293,Bronx
,12/21/2020,715,Bronx
,12/22/2020,732,Bronx
,12/23/2020,639,Bronx
,12/24/2020,500,Bronx
,12/25/2020,154,Bronx
,12/26/2020,534,Bronx
,12/27/2020,480,Bronx
,12/28/2020,1013,Bronx
,12/29/2020,994,Bronx
,12/30/2020,968,Bronx
,12/31/2020,663,Bronx
,01/01/2021,203,Bronx
,01/02/2021,721,Bronx
,01/03/2021,509,Bronx
,01/04/2021,1248,Bronx
,01/05/2021,1158,Bronx
,01/06/2021,1109,Bronx
,01/07/2021,970,Bronx
,01/08/2021,984,Bronx
,01/09/2021,680,Bronx
,01/10/2021,458,Bronx
,01/11/2021,1129,Bronx
,01/12/2021,989,Bronx
,01/13/2021,1036,Bronx
,01/14/2021,990,Bronx
,01/15/2021,914,Bronx
,01/16/2021,608,Bronx
,01/17/2021,496,Bronx
,01/18/2021,755,Bronx
,01/19/2021,1086,Bronx
,01/20/2021,1037,Bronx
,01/21/2021,957,Bronx
,01/22/2021,1046,Bronx
,01/23/2021,667,Bronx
,01/24/2021,489,Bronx
,01/25/2021,1147,Bronx
,01/26/2021,989,Bronx
,01/27/2021,964,Bronx
,01/28/2021,964,Bronx
,01/29/2021,730,Bronx
,01/30/2021,559,Bronx
,01/31/2021,548,Bronx
,02/01/2021,168,Bronx
,02/02/2021,432,Bronx
,02/03/2021,1088,Bronx
,02/04/2021,1067,Bronx
,02/05/2021,954,Bronx
,02/06/2021,719,Bronx
,02/07/2021,321,Bronx
,02/08/2021,966,Bronx
,02/09/2021,875,Bronx
,02/10/2021,867,Bronx
,02/11/2021,729,Bronx
,02/12/2021,734,Bronx
,02/13/2021,422,Bronx
,02/14/2021,366,Bronx
,02/15/2021,520,Bronx
,02/16/2021,789,Bronx
,02/17/2021,778,Bronx
,02/18/2021,378,Bronx
,02/19/2021,620,Bronx
,02/20/2021,507,Bronx
,02/21/2021,357,Bronx
,02/22/2021,748,Bronx
,02/23/2021,724,Bronx
,02/24/2021,706,Bronx
,02/25/2021,715,Bronx
,02/26/2021,668,Bronx
,02/27/2021,372,Bronx
,02/28/2021,330,Bronx
,03/01/2021,728,Bronx
,03/02/2021,557,Bronx
,03/03/2021,627,Bronx
,03/04/2021,568,Bronx
,03/05/2021,538,Bronx
,03/06/2021,317,Bronx
,03/07/2021,280,Bronx
,03/08/2021,606,Bronx
,03/09/2021,575,Bronx
,03/10/2021,556,Bronx
,03/11/2021,518,Bronx
,03/12/2021,561,Bronx
,03/13/2021,310,Bronx
,03/14/2021,227,Bronx
,03/15/2021,544,Bronx
,03/16/2021,541,Bronx
,03/17/2021,490,Bronx
,03/18/2021,465,Bronx
,03/19/2021,483,Bronx
,03/20/2021,254,Bronx
,03/21/2021,224,Bronx
,03/22/2021,374,Bronx
,02/29/2020,0,Brooklyn
,03/01/2020,0,Brooklyn
,03/02/2020,0,Brooklyn
,03/03/2020,0,Brooklyn
,03/04/2020,1,Brooklyn
,03/05/2020,3,Brooklyn
,03/06/2020,1,Brooklyn
,03/07/2020,2,Brooklyn
,03/08/2020,5,Brooklyn
,03/09/2020,16,Brooklyn
,03/10/2020,11,Brooklyn
,03/11/2020,31,Brooklyn
,03/12/2020,96,Brooklyn
,03/13/2020,166,Brooklyn
,03/14/2020,163,Brooklyn
,03/15/2020,433,Brooklyn
,03/16/2020,740,Brooklyn
,03/17/2020,783,Brooklyn
,03/18/2020,966,Brooklyn
,03/19/2020,1204,Brooklyn
,03/20/2020,1137,Brooklyn
,03/21/2020,554,Brooklyn
,03/22/2020,756,Brooklyn
,03/23/2020,910,Brooklyn
,03/24/2020,1212,Brooklyn
,03/25/2020,1254,Brooklyn
,03/26/2020,1375,Brooklyn
,03/27/2020,1423,Brooklyn
,03/28/2020,863,Brooklyn
,03/29/2020,1149,Brooklyn
,03/30/2020,1754,Brooklyn
,03/31/2020,1513,Brooklyn
,04/01/2020,1589,Brooklyn
,04/02/2020,1611,Brooklyn
,04/03/2020,1441,Brooklyn
,04/04/2020,921,Brooklyn
,04/05/2020,1141,Brooklyn
,04/06/2020,1463,Brooklyn
,04/07/2020,1395,Brooklyn
,04/08/2020,1310,Brooklyn
,04/09/2020,1369,Brooklyn
,04/10/2020,1152,Brooklyn
,04/11/2020,1129,Brooklyn
,04/12/2020,702,Brooklyn
,04/13/2020,1066,Brooklyn
,04/14/2020,1035,Brooklyn
,04/15/2020,882,Brooklyn
,04/16/2020,885,Brooklyn
,04/17/2020,959,Brooklyn
,04/18/2020,575,Brooklyn
,04/19/2020,635,Brooklyn
,04/20/2020,983,Brooklyn
,04/21/2020,896,Brooklyn
,04/22/2020,854,Brooklyn
,04/23/2020,785,Brooklyn
,04/24/2020,629,Brooklyn
,04/25/2020,404,Brooklyn
,04/26/2020,332,Brooklyn
,04/27/2020,608,Brooklyn
,04/28/2020,711,Brooklyn
,04/29/2020,681,Brooklyn
,04/30/2020,600,Brooklyn
,05/01/2020,497,Brooklyn
,05/02/2020,263,Brooklyn
,05/03/2020,247,Brooklyn
,05/04/2020,462,Brooklyn
,05/05/2020,433,Brooklyn
,05/06/2020,450,Brooklyn
,05/07/2020,404,Brooklyn
,05/08/2020,344,Brooklyn
,05/09/2020,119,Brooklyn
,05/10/2020,188,Brooklyn
,05/11/2020,410,Brooklyn
,05/12/2020,400,Brooklyn
,05/13/2020,362,Brooklyn
,05/14/2020,334,Brooklyn
,05/15/2020,260,Brooklyn
,05/16/2020,165,Brooklyn
,05/17/2020,138,Brooklyn
,05/18/2020,266,Brooklyn
,05/19/2020,327,Brooklyn
,05/20/2020,324,Brooklyn
,05/21/2020,336,Brooklyn
,05/22/2020,350,Brooklyn
,05/23/2020,143,Brooklyn
,05/24/2020,161,Brooklyn
,05/25/2020,160,Brooklyn
,05/26/2020,318,Brooklyn
,05/27/2020,246,Brooklyn
,05/28/2020,221,Brooklyn
,05/29/2020,166,Brooklyn
,05/30/2020,105,Brooklyn
,05/31/2020,84,Brooklyn
,06/01/2020,252,Brooklyn
,06/02/2020,182,Brooklyn
,06/03/2020,133,Brooklyn
,06/04/2020,130,Brooklyn
,06/05/2020,131,Brooklyn
,06/06/2020,59,Brooklyn
,06/07/2020,52,Brooklyn
,06/08/2020,112,Brooklyn
,06/09/2020,121,Brooklyn
,06/10/2020,98,Brooklyn
,06/11/2020,113,Brooklyn
,06/12/2020,123,Brooklyn
,06/13/2020,52,Brooklyn
,06/14/2020,53,Brooklyn
,06/15/2020,102,Brooklyn
,06/16/2020,133,Brooklyn
,06/17/2020,114,Brooklyn
,06/18/2020,112,Brooklyn
,06/19/2020,91,Brooklyn
,06/20/2020,46,Brooklyn
,06/21/2020,54,Brooklyn
,06/22/2020,110,Brooklyn
,06/23/2020,95,Brooklyn
,06/24/2020,101,Brooklyn
,06/25/2020,82,Brooklyn
,06/26/2020,94,Brooklyn
,06/27/2020,70,Brooklyn
,06/28/2020,58,Brooklyn
,06/29/2020,127,Brooklyn
,06/30/2020,128,Brooklyn
,07/01/2020,120,Brooklyn
,07/02/2020,127,Brooklyn
,07/03/2020,72,Brooklyn
,07/04/2020,23,Brooklyn
,07/05/2020,53,Brooklyn
,07/06/2020,142,Brooklyn
,07/07/2020,123,Brooklyn
,07/08/2020,121,Brooklyn
,07/09/2020,104,Brooklyn
,07/10/2020,90,Brooklyn
,07/11/2020,73,Brooklyn
,07/12/2020,55,Brooklyn
,07/13/2020,123,Brooklyn
,07/14/2020,111,Brooklyn
,07/15/2020,149,Brooklyn
,07/16/2020,90,Brooklyn
,07/17/2020,105,Brooklyn
,07/18/2020,58,Brooklyn
,07/19/2020,40,Brooklyn
,07/20/2020,85,Brooklyn
,07/21/2020,79,Brooklyn
,07/22/2020,96,Brooklyn
,07/23/2020,84,Brooklyn
,07/24/2020,68,Brooklyn
,07/25/2020,35,Brooklyn
,07/26/2020,40,Brooklyn
,07/27/2020,79,Brooklyn
,07/28/2020,106,Brooklyn
,07/29/2020,73,Brooklyn
,07/30/2020,98,Brooklyn
,07/31/2020,80,Brooklyn
,08/01/2020,58,Brooklyn
,08/02/2020,41,Brooklyn
,08/03/2020,93,Brooklyn
,08/04/2020,49,Brooklyn
,08/05/2020,90,Brooklyn
,08/06/2020,87,Brooklyn
,08/07/2020,91,Brooklyn
,08/08/2020,58,Brooklyn
,08/09/2020,48,Brooklyn
,08/10/2020,74,Brooklyn
,08/11/2020,83,Brooklyn
,08/12/2020,114,Brooklyn
,08/13/2020,87,Brooklyn
,08/14/2020,80,Brooklyn
,08/15/2020,33,Brooklyn
,08/16/2020,49,Brooklyn
,08/17/2020,96,Brooklyn
,08/18/2020,66,Brooklyn
,08/19/2020,69,Brooklyn
,08/20/2020,56,Brooklyn
,08/21/2020,75,Brooklyn
,08/22/2020,36,Brooklyn
,08/23/2020,55,Brooklyn
,08/24/2020,86,Brooklyn
,08/25/2020,84,Brooklyn
,08/26/2020,116,Brooklyn
,08/27/2020,99,Brooklyn
,08/28/2020,78,Brooklyn
,08/29/2020,38,Brooklyn
,08/30/2020,61,Brooklyn
,08/31/2020,118,Brooklyn
,09/01/2020,91,Brooklyn
,09/02/2020,94,Brooklyn
,09/03/2020,91,Brooklyn
,09/04/2020,71,Brooklyn
,09/05/2020,46,Brooklyn
,09/06/2020,87,Brooklyn
,09/07/2020,74,Brooklyn
,09/08/2020,128,Brooklyn
,09/09/2020,119,Brooklyn
,09/10/2020,124,Brooklyn
,09/11/2020,111,Brooklyn
,09/12/2020,51,Brooklyn
,09/13/2020,114,Brooklyn
,09/14/2020,167,Brooklyn
,09/15/2020,149,Brooklyn
,09/16/2020,164,Brooklyn
,09/17/2020,122,Brooklyn
,09/18/2020,104,Brooklyn
,09/19/2020,37,Brooklyn
,09/20/2020,60,Brooklyn
,09/21/2020,248,Brooklyn
,09/22/2020,170,Brooklyn
,09/23/2020,236,Brooklyn
,09/24/2020,236,Brooklyn
,09/25/2020,187,Brooklyn
,09/26/2020,108,Brooklyn
,09/27/2020,181,Brooklyn
,09/28/2020,139,Brooklyn
,09/29/2020,334,Brooklyn
,09/30/2020,270,Brooklyn
,10/01/2020,292,Brooklyn
,10/02/2020,263,Brooklyn
,10/03/2020,82,Brooklyn
,10/04/2020,162,Brooklyn
,10/05/2020,354,Brooklyn
,10/06/2020,249,Brooklyn
,10/07/2020,223,Brooklyn
,10/08/2020,216,Brooklyn
,10/09/2020,184,Brooklyn
,10/10/2020,95,Brooklyn
,10/11/2020,115,Brooklyn
,10/12/2020,223,Brooklyn
,10/13/2020,225,Brooklyn
,10/14/2020,212,Brooklyn
,10/15/2020,237,Brooklyn
,10/16/2020,163,Brooklyn
,10/17/2020,91,Brooklyn
,10/18/2020,171,Brooklyn
,10/19/2020,204,Brooklyn
,10/20/2020,214,Brooklyn
,10/21/2020,203,Brooklyn
,10/22/2020,242,Brooklyn
,10/23/2020,198,Brooklyn
,10/24/2020,119,Brooklyn
,10/25/2020,128,Brooklyn
,10/26/2020,220,Brooklyn
,10/27/2020,236,Brooklyn
,10/28/2020,231,Brooklyn
,10/29/2020,192,Brooklyn
,10/30/2020,191,Brooklyn
,10/31/2020,118,Brooklyn
,11/01/2020,230,Brooklyn
,11/02/2020,336,Brooklyn
,11/03/2020,319,Brooklyn
,11/04/2020,310,Brooklyn
,11/05/2020,312,Brooklyn
,11/06/2020,238,Brooklyn
,11/07/2020,223,Brooklyn
,11/08/2020,224,Brooklyn
,11/09/2020,417,Brooklyn
,11/10/2020,458,Brooklyn
,11/11/2020,393,Brooklyn
,11/12/2020,384,Brooklyn
,11/13/2020,358,Brooklyn
,11/14/2020,238,Brooklyn
,11/15/2020,232,Brooklyn
,11/16/2020,496,Brooklyn
,11/17/2020,492,Brooklyn
,11/18/2020,466,Brooklyn
,11/19/2020,491,Brooklyn
,11/20/2020,434,Brooklyn
,11/21/2020,353,Brooklyn
,11/22/2020,339,Brooklyn
,11/23/2020,571,Brooklyn
,11/24/2020,552,Brooklyn
,11/25/2020,630,Brooklyn
,11/26/2020,243,Brooklyn
,11/27/2020,604,Brooklyn
,11/28/2020,444,Brooklyn
,11/29/2020,504,Brooklyn
,11/30/2020,863,Brooklyn
,12/01/2020,879,Brooklyn
,12/02/2020,809,Brooklyn
,12/03/2020,823,Brooklyn
,12/04/2020,763,Brooklyn
,12/05/2020,505,Brooklyn
,12/06/2020,554,Brooklyn
,12/07/2020,964,Brooklyn
,12/08/2020,922,Brooklyn
,12/09/2020,910,Brooklyn
,12/10/2020,941,Brooklyn
,12/11/2020,834,Brooklyn
,12/12/2020,596,Brooklyn
,12/13/2020,645,Brooklyn
,12/14/2020,1108,Brooklyn
,12/15/2020,1059,Brooklyn
,12/16/2020,841,Brooklyn
,12/17/2020,648,Brooklyn
,12/18/2020,1023,Brooklyn
,12/19/2020,765,Brooklyn
,12/20/2020,767,Brooklyn
,12/21/2020,1309,Brooklyn
,12/22/2020,1252,Brooklyn
,12/23/2020,1094,Brooklyn
,12/24/2020,965,Brooklyn
,12/25/2020,341,Brooklyn
,12/26/2020,1020,Brooklyn
,12/27/2020,911,Brooklyn
,12/28/2020,1596,Brooklyn
,12/29/2020,1411,Brooklyn
,12/30/2020,1393,Brooklyn
,12/31/2020,934,Brooklyn
,01/01/2021,407,Brooklyn
,01/02/2021,1106,Brooklyn
,01/03/2021,1053,Brooklyn
,01/04/2021,1889,Brooklyn
,01/05/2021,1758,Brooklyn
,01/06/2021,1600,Brooklyn
,01/07/2021,1629,Brooklyn
,01/08/2021,1453,Brooklyn
,01/09/2021,1005,Brooklyn
,01/10/2021,1007,Brooklyn
,01/11/2021,1755,Brooklyn
,01/12/2021,1609,Brooklyn
,01/13/2021,1536,Brooklyn
,01/14/2021,1554,Brooklyn
,01/15/2021,1397,Brooklyn
,01/16/2021,1072,Brooklyn
,01/17/2021,902,Brooklyn
,01/18/2021,1463,Brooklyn
,01/19/2021,1472,Brooklyn
,01/20/2021,1353,Brooklyn
,01/21/2021,1392,Brooklyn
,01/22/2021,1320,Brooklyn
,01/23/2021,908,Brooklyn
,01/24/2021,889,Brooklyn
,01/25/2021,1709,Brooklyn
,01/26/2021,1366,Brooklyn
,01/27/2021,1444,Brooklyn
,01/28/2021,1405,Brooklyn
,01/29/2021,1104,Brooklyn
,01/30/2021,860,Brooklyn
,01/31/2021,879,Brooklyn
,02/01/2021,346,Brooklyn
,02/02/2021,871,Brooklyn
,02/03/2021,1497,Brooklyn
,02/04/2021,1390,Brooklyn
,02/05/2021,1239,Brooklyn
,02/06/2021,898,Brooklyn
,02/07/2021,567,Brooklyn
,02/08/2021,1342,Brooklyn
,02/09/2021,1086,Brooklyn
,02/10/2021,1059,Brooklyn
,02/11/2021,935,Brooklyn
,02/12/2021,936,Brooklyn
,02/13/2021,668,Brooklyn
,02/14/2021,586,Brooklyn
,02/15/2021,850,Brooklyn
,02/16/2021,1114,Brooklyn
,02/17/2021,1009,Brooklyn
,02/18/2021,592,Brooklyn
,02/19/2021,858,Brooklyn
,02/20/2021,681,Brooklyn
,02/21/2021,791,Brooklyn
,02/22/2021,1109,Brooklyn
,02/23/2021,1075,Brooklyn
,02/24/2021,1017,Brooklyn
,02/25/2021,1023,Brooklyn
,02/26/2021,953,Brooklyn
,02/27/2021,619,Brooklyn
,02/28/2021,726,Brooklyn
,03/01/2021,1172,Brooklyn
,03/02/2021,930,Brooklyn
,03/03/2021,952,Brooklyn
,03/04/2021,925,Brooklyn
,03/05/2021,876,Brooklyn
,03/06/2021,582,Brooklyn
,03/07/2021,590,Brooklyn
,03/08/2021,1092,Brooklyn
,03/09/2021,1068,Brooklyn
,03/10/2021,938,Brooklyn
,03/11/2021,949,Brooklyn
,03/12/2021,918,Brooklyn
,03/13/2021,605,Brooklyn
,03/14/2021,630,Brooklyn
,03/15/2021,1024,Brooklyn
,03/16/2021,956,Brooklyn
,03/17/2021,898,Brooklyn
,03/18/2021,814,Brooklyn
,03/19/2021,848,Brooklyn
,03/20/2021,582,Brooklyn
,03/21/2021,604,Brooklyn
,03/22/2021,872,Brooklyn
,02/29/2020,1,Manhattan
,03/01/2020,0,Manhattan
,03/02/2020,0,Manhattan
,03/03/2020,0,Manhattan
,03/04/2020,2,Manhattan
,03/05/2020,0,Manhattan
,03/06/2020,3,Manhattan
,03/07/2020,1,Manhattan
,03/08/2020,6,Manhattan
,03/09/2020,24,Manhattan
,03/10/2020,24,Manhattan
,03/11/2020,62,Manhattan
,03/12/2020,137,Manhattan
,03/13/2020,182,Manhattan
,03/14/2020,176,Manhattan
,03/15/2020,206,Manhattan
,03/16/2020,457,Manhattan
,03/17/2020,567,Manhattan
,03/18/2020,538,Manhattan
,03/19/2020,556,Manhattan
,03/20/2020,653,Manhattan
,03/21/2020,399,Manhattan
,03/22/2020,317,Manhattan
,03/23/2020,531,Manhattan
,03/24/2020,620,Manhattan
,03/25/2020,586,Manhattan
,03/26/2020,627,Manhattan
,03/27/2020,656,Manhattan
,03/28/2020,388,Manhattan
,03/29/2020,407,Manhattan
,03/30/2020,807,Manhattan
,03/31/2020,617,Manhattan
,04/01/2020,573,Manhattan
,04/02/2020,652,Manhattan
,04/03/2020,671,Manhattan
,04/04/2020,385,Manhattan
,04/05/2020,358,Manhattan
,04/06/2020,721,Manhattan
,04/07/2020,606,Manhattan
,04/08/2020,547,Manhattan
,04/09/2020,560,Manhattan
,04/10/2020,496,Manhattan
,04/11/2020,303,Manhattan
,04/12/2020,252,Manhattan
,04/13/2020,393,Manhattan
,04/14/2020,441,Manhattan
,04/15/2020,429,Manhattan
,04/16/2020,356,Manhattan
,04/17/2020,330,Manhattan
,04/18/2020,187,Manhattan
,04/19/2020,177,Manhattan
,04/20/2020,381,Manhattan
,04/21/2020,373,Manhattan
,04/22/2020,383,Manhattan
,04/23/2020,401,Manhattan
,04/24/2020,408,Manhattan
,04/25/2020,146,Manhattan
,04/26/2020,98,Manhattan
,04/27/2020,303,Manhattan
,04/28/2020,322,Manhattan
,04/29/2020,287,Manhattan
,04/30/2020,217,Manhattan
,05/01/2020,243,Manhattan
,05/02/2020,138,Manhattan
,05/03/2020,103,Manhattan
,05/04/2020,214,Manhattan
,05/05/2020,243,Manhattan
,05/06/2020,165,Manhattan
,05/07/2020,119,Manhattan
,05/08/2020,99,Manhattan
,05/09/2020,75,Manhattan
,05/10/2020,95,Manhattan
,05/11/2020,192,Manhattan
,05/12/2020,163,Manhattan
,05/13/2020,157,Manhattan
,05/14/2020,149,Manhattan
,05/15/2020,134,Manhattan
,05/16/2020,51,Manhattan
,05/17/2020,50,Manhattan
,05/18/2020,130,Manhattan
,05/19/2020,166,Manhattan
,05/20/2020,165,Manhattan
,05/21/2020,145,Manhattan
,05/22/2020,152,Manhattan
,05/23/2020,49,Manhattan
,05/24/2020,69,Manhattan
,05/25/2020,70,Manhattan
,05/26/2020,126,Manhattan
,05/27/2020,108,Manhattan
,05/28/2020,99,Manhattan
,05/29/2020,73,Manhattan
,05/30/2020,38,Manhattan
,05/31/2020,25,Manhattan
,06/01/2020,77,Manhattan
,06/02/2020,71,Manhattan
,06/03/2020,75,Manhattan
,06/04/2020,88,Manhattan
,06/05/2020,53,Manhattan
,06/06/2020,33,Manhattan
,06/07/2020,24,Manhattan
,06/08/2020,75,Manhattan
,06/09/2020,67,Manhattan
,06/10/2020,69,Manhattan
,06/11/2020,54,Manhattan
,06/12/2020,58,Manhattan
,06/13/2020,24,Manhattan
,06/14/2020,28,Manhattan
,06/15/2020,59,Manhattan
,06/16/2020,67,Manhattan
,06/17/2020,65,Manhattan
,06/18/2020,58,Manhattan
,06/19/2020,56,Manhattan
,06/20/2020,44,Manhattan
,06/21/2020,26,Manhattan
,06/22/2020,62,Manhattan
,06/23/2020,77,Manhattan
,06/24/2020,73,Manhattan
,06/25/2020,46,Manhattan
,06/26/2020,63,Manhattan
,06/27/2020,37,Manhattan
,06/28/2020,41,Manhattan
,06/29/2020,80,Manhattan
,06/30/2020,94,Manhattan
,07/01/2020,83,Manhattan
,07/02/2020,80,Manhattan
,07/03/2020,49,Manhattan
,07/04/2020,32,Manhattan
,07/05/2020,32,Manhattan
,07/06/2020,77,Manhattan
,07/07/2020,88,Manhattan
,07/08/2020,120,Manhattan
,07/09/2020,87,Manhattan
,07/10/2020,49,Manhattan
,07/11/2020,47,Manhattan
,07/12/2020,42,Manhattan
,07/13/2020,79,Manhattan
,07/14/2020,81,Manhattan
,07/15/2020,70,Manhattan
,07/16/2020,87,Manhattan
,07/17/2020,109,Manhattan
,07/18/2020,36,Manhattan
,07/19/2020,34,Manhattan
,07/20/2020,80,Manhattan
,07/21/2020,69,Manhattan
,07/22/2020,59,Manhattan
,07/23/2020,65,Manhattan
,07/24/2020,56,Manhattan
,07/25/2020,34,Manhattan
,07/26/2020,18,Manhattan
,07/27/2020,73,Manhattan
,07/28/2020,59,Manhattan
,07/29/2020,56,Manhattan
,07/30/2020,44,Manhattan
,07/31/2020,52,Manhattan
,08/01/2020,33,Manhattan
,08/02/2020,26,Manhattan
,08/03/2020,56,Manhattan
,08/04/2020,38,Manhattan
,08/05/2020,47,Manhattan
,08/06/2020,54,Manhattan
,08/07/2020,49,Manhattan
,08/08/2020,23,Manhattan
,08/09/2020,18,Manhattan
,08/10/2020,49,Manhattan
,08/11/2020,42,Manhattan
,08/12/2020,43,Manhattan
,08/13/2020,51,Manhattan
,08/14/2020,44,Manhattan
,08/15/2020,25,Manhattan
,08/16/2020,22,Manhattan
,08/17/2020,57,Manhattan
,08/18/2020,62,Manhattan
,08/19/2020,51,Manhattan
,08/20/2020,33,Manhattan
,08/21/2020,51,Manhattan
,08/22/2020,30,Manhattan
,08/23/2020,16,Manhattan
,08/24/2020,50,Manhattan
,08/25/2020,54,Manhattan
,08/26/2020,51,Manhattan
,08/27/2020,48,Manhattan
,08/28/2020,51,Manhattan
,08/29/2020,23,Manhattan
,08/30/2020,37,Manhattan
,08/31/2020,52,Manhattan
,09/01/2020,55,Manhattan
,09/02/2020,48,Manhattan
,09/03/2020,35,Manhattan
,09/04/2020,30,Manhattan
,09/05/2020,22,Manhattan
,09/06/2020,27,Manhattan
,09/07/2020,41,Manhattan
,09/08/2020,58,Manhattan
,09/09/2020,70,Manhattan
,09/10/2020,57,Manhattan
,09/11/2020,54,Manhattan
,09/12/2020,36,Manhattan
,09/13/2020,42,Manhattan
,09/14/2020,68,Manhattan
,09/15/2020,45,Manhattan
,09/16/2020,55,Manhattan
,09/17/2020,54,Manhattan
,09/18/2020,44,Manhattan
,09/19/2020,24,Manhattan
,09/20/2020,25,Manhattan
,09/21/2020,57,Manhattan
,09/22/2020,51,Manhattan
,09/23/2020,73,Manhattan
,09/24/2020,58,Manhattan
,09/25/2020,68,Manhattan
,09/26/2020,35,Manhattan
,09/27/2020,35,Manhattan
,09/28/2020,58,Manhattan
,09/29/2020,81,Manhattan
,09/30/2020,86,Manhattan
,10/01/2020,87,Manhattan
,10/02/2020,77,Manhattan
,10/03/2020,47,Manhattan
,10/04/2020,29,Manhattan
,10/05/2020,84,Manhattan
,10/06/2020,78,Manhattan
,10/07/2020,75,Manhattan
,10/08/2020,80,Manhattan
,10/09/2020,74,Manhattan
,10/10/2020,46,Manhattan
,10/11/2020,29,Manhattan
,10/12/2020,85,Manhattan
,10/13/2020,100,Manhattan
,10/14/2020,84,Manhattan
,10/15/2020,90,Manhattan
,10/16/2020,91,Manhattan
,10/17/2020,61,Manhattan
,10/18/2020,40,Manhattan
,10/19/2020,101,Manhattan
,10/20/2020,104,Manhattan
,10/21/2020,117,Manhattan
,10/22/2020,135,Manhattan
,10/23/2020,79,Manhattan
,10/24/2020,58,Manhattan
,10/25/2020,48,Manhattan
,10/26/2020,118,Manhattan
,10/27/2020,127,Manhattan
,10/28/2020,135,Manhattan
,10/29/2020,115,Manhattan
,10/30/2020,102,Manhattan
,10/31/2020,52,Manhattan
,11/01/2020,66,Manhattan
,11/02/2020,144,Manhattan
,11/03/2020,158,Manhattan
,11/04/2020,199,Manhattan
,11/05/2020,213,Manhattan
,11/06/2020,179,Manhattan
,11/07/2020,147,Manhattan
,11/08/2020,133,Manhattan
,11/09/2020,269,Manhattan
,11/10/2020,308,Manhattan
,11/11/2020,289,Manhattan
,11/12/2020,300,Manhattan
,11/13/2020,263,Manhattan
,11/14/2020,160,Manhattan
,11/15/2020,134,Manhattan
,11/16/2020,331,Manhattan
,11/17/2020,286,Manhattan
,11/18/2020,335,Manhattan
,11/19/2020,345,Manhattan
,11/20/2020,328,Manhattan
,11/21/2020,195,Manhattan
,11/22/2020,159,Manhattan
,11/23/2020,410,Manhattan
,11/24/2020,370,Manhattan
,11/25/2020,383,Manhattan
,11/26/2020,137,Manhattan
,11/27/2020,386,Manhattan
,11/28/2020,295,Manhattan
,11/29/2020,233,Manhattan
,11/30/2020,388,Manhattan
,12/01/2020,480,Manhattan
,12/02/2020,458,Manhattan
,12/03/2020,437,Manhattan
,12/04/2020,398,Manhattan
,12/05/2020,206,Manhattan
,12/06/2020,218,Manhattan
,12/07/2020,452,Manhattan
,12/08/2020,452,Manhattan
,12/09/2020,501,Manhattan
,12/10/2020,461,Manhattan
,12/11/2020,495,Manhattan
,12/12/2020,297,Manhattan
,12/13/2020,295,Manhattan
,12/14/2020,498,Manhattan
,12/15/2020,550,Manhattan
,12/16/2020,453,Manhattan
,12/17/2020,339,Manhattan
,12/18/2020,523,Manhattan
,12/19/2020,333,Manhattan
,12/20/2020,294,Manhattan
,12/21/2020,597,Manhattan
,12/22/2020,543,Manhattan
,12/23/2020,523,Manhattan
,12/24/2020,433,Manhattan
,12/25/2020,156,Manhattan
,12/26/2020,426,Manhattan
,12/27/2020,314,Manhattan
,12/28/2020,671,Manhattan
,12/29/2020,610,Manhattan
,12/30/2020,649,Manhattan
,12/31/2020,386,Manhattan
,01/01/2021,161,Manhattan
,01/02/2021,513,Manhattan
,01/03/2021,396,Manhattan
,01/04/2021,906,Manhattan
,01/05/2021,883,Manhattan
,01/06/2021,754,Manhattan
,01/07/2021,780,Manhattan
,01/08/2021,780,Manhattan
,01/09/2021,446,Manhattan
,01/10/2021,364,Manhattan
,01/11/2021,841,Manhattan
,01/12/2021,671,Manhattan
,01/13/2021,695,Manhattan
,01/14/2021,747,Manhattan
,01/15/2021,656,Manhattan
,01/16/2021,446,Manhattan
,01/17/2021,392,Manhattan
,01/18/2021,599,Manhattan
,01/19/2021,717,Manhattan
,01/20/2021,725,Manhattan
,01/21/2021,710,Manhattan
,01/22/2021,709,Manhattan
,01/23/2021,461,Manhattan
,01/24/2021,373,Manhattan
,01/25/2021,810,Manhattan
,01/26/2021,693,Manhattan
,01/27/2021,708,Manhattan
,01/28/2021,692,Manhattan
,01/29/2021,530,Manhattan
,01/30/2021,355,Manhattan
,01/31/2021,330,Manhattan
,02/01/2021,187,Manhattan
,02/02/2021,451,Manhattan
,02/03/2021,821,Manhattan
,02/04/2021,706,Manhattan
,02/05/2021,540,Manhattan
,02/06/2021,392,Manhattan
,02/07/2021,206,Manhattan
,02/08/2021,616,Manhattan
,02/09/2021,521,Manhattan
,02/10/2021,569,Manhattan
,02/11/2021,551,Manhattan
,02/12/2021,493,Manhattan
,02/13/2021,278,Manhattan
,02/14/2021,248,Manhattan
,02/15/2021,368,Manhattan
,02/16/2021,612,Manhattan
,02/17/2021,546,Manhattan
,02/18/2021,404,Manhattan
,02/19/2021,462,Manhattan
,02/20/2021,349,Manhattan
,02/21/2021,311,Manhattan
,02/22/2021,541,Manhattan
,02/23/2021,538,Manhattan
,02/24/2021,576,Manhattan
,02/25/2021,517,Manhattan
,02/26/2021,518,Manhattan
,02/27/2021,249,Manhattan
,02/28/2021,250,Manhattan
,03/01/2021,522,Manhattan
,03/02/2021,486,Manhattan
,03/03/2021,515,Manhattan
,03/04/2021,489,Manhattan
,03/05/2021,393,Manhattan
,03/06/2021,255,Manhattan
,03/07/2021,232,Manhattan
,03/08/2021,489,Manhattan
,03/09/2021,514,Manhattan
,03/10/2021,504,Manhattan
,03/11/2021,454,Manhattan
,03/12/2021,468,Manhattan
,03/13/2021,274,Manhattan
,03/14/2021,217,Manhattan
,03/15/2021,434,Manhattan
,03/16/2021,467,Manhattan
,03/17/2021,473,Manhattan
,03/18/2021,411,Manhattan
,03/19/2021,400,Manhattan
,03/20/2021,231,Manhattan
,03/21/2021,206,Manhattan
,03/22/2021,385,Manhattan
,02/29/2020,0,Queens
,03/01/2020,0,Queens
,03/02/2020,0,Queens
,03/03/2020,1,Queens
,03/04/2020,2,Queens
,03/05/2020,0,Queens
,03/06/2020,1,Queens
,03/07/2020,3,Queens
,03/08/2020,6,Queens
,03/09/2020,10,Queens
,03/10/2020,24,Queens
,03/11/2020,40,Queens
,03/12/2020,80,Queens
,03/13/2020,166,Queens
,03/14/2020,194,Queens
,03/15/2020,230,Queens
,03/16/2020,528,Queens
,03/17/2020,651,Queens
,03/18/2020,834,Queens
,03/19/2020,1065,Queens
,03/20/2020,1184,Queens
,03/21/2020,947,Queens
,03/22/2020,696,Queens
,03/23/2020,1190,Queens
,03/24/2020,1391,Queens
,03/25/2020,1572,Queens
,03/26/2020,1642,Queens
,03/27/2020,1577,Queens
,03/28/2020,1201,Queens
,03/29/2020,1076,Queens
,03/30/2020,1857,Queens
,03/31/2020,1809,Queens
,04/01/2020,1783,Queens
,04/02/2020,1824,Queens
,04/03/2020,1762,Queens
,04/04/2020,1201,Queens
,04/05/2020,1135,Queens
,04/06/2020,1926,Queens
,04/07/2020,1948,Queens
,04/08/2020,1855,Queens
,04/09/2020,1561,Queens
,04/10/2020,1334,Queens
,04/11/2020,989,Queens
,04/12/2020,917,Queens
,04/13/2020,975,Queens
,04/14/2020,1300,Queens
,04/15/2020,1180,Queens
,04/16/2020,1140,Queens
,04/17/2020,1098,Queens
,04/18/2020,705,Queens
,04/19/2020,868,Queens
,04/20/2020,1223,Queens
,04/21/2020,937,Queens
,04/22/2020,1109,Queens
,04/23/2020,793,Queens
,04/24/2020,775,Queens
,04/25/2020,540,Queens
,04/26/2020,331,Queens
,04/27/2020,721,Queens
,04/28/2020,896,Queens
,04/29/2020,692,Queens
,04/30/2020,593,Queens
,05/01/2020,620,Queens
,05/02/2020,333,Queens
,05/03/2020,249,Queens
,05/04/2020,437,Queens
,05/05/2020,462,Queens
,05/06/2020,444,Queens
,05/07/2020,358,Queens
,05/08/2020,345,Queens
,05/09/2020,256,Queens
,05/10/2020,85,Queens
,05/11/2020,376,Queens
,05/12/2020,314,Queens
,05/13/2020,307,Queens
,05/14/2020,331,Queens
,05/15/2020,266,Queens
,05/16/2020,136,Queens
,05/17/2020,106,Queens
,05/18/2020,274,Queens
,05/19/2020,286,Queens
,05/20/2020,254,Queens
,05/21/2020,311,Queens
,05/22/2020,239,Queens
,05/23/2020,137,Queens
,05/24/2020,121,Queens
,05/25/2020,115,Queens
,05/26/2020,267,Queens
,05/27/2020,165,Queens
,05/28/2020,178,Queens
,05/29/2020,212,Queens
,05/30/2020,109,Queens
,05/31/2020,79,Queens
,06/01/2020,157,Queens
,06/02/2020,163,Queens
,06/03/2020,148,Queens
,06/04/2020,148,Queens
,06/05/2020,103,Queens
,06/06/2020,98,Queens
,06/07/2020,74,Queens
,06/08/2020,147,Queens
,06/09/2020,130,Queens
,06/10/2020,108,Queens
,06/11/2020,117,Queens
,06/12/2020,131,Queens
,06/13/2020,73,Queens
,06/14/2020,68,Queens
,06/15/2020,122,Queens
,06/16/2020,120,Queens
,06/17/2020,92,Queens
,06/18/2020,123,Queens
,06/19/2020,123,Queens
,06/20/2020,54,Queens
,06/21/2020,58,Queens
,06/22/2020,119,Queens
,06/23/2020,121,Queens
,06/24/2020,103,Queens
,06/25/2020,79,Queens
,06/26/2020,77,Queens
,06/27/2020,60,Queens
,06/28/2020,57,Queens
,06/29/2020,132,Queens
,06/30/2020,114,Queens
,07/01/2020,93,Queens
,07/02/2020,118,Queens
,07/03/2020,65,Queens
,07/04/2020,32,Queens
,07/05/2020,38,Queens
,07/06/2020,118,Queens
,07/07/2020,106,Queens
,07/08/2020,88,Queens
,07/09/2020,94,Queens
,07/10/2020,90,Queens
,07/11/2020,86,Queens
,07/12/2020,70,Queens
,07/13/2020,138,Queens
,07/14/2020,122,Queens
,07/15/2020,91,Queens
,07/16/2020,109,Queens
,07/17/2020,105,Queens
,07/18/2020,49,Queens
,07/19/2020,46,Queens
,07/20/2020,109,Queens
,07/21/2020,100,Queens
,07/22/2020,76,Queens
,07/23/2020,63,Queens
,07/24/2020,75,Queens
,07/25/2020,46,Queens
,07/26/2020,33,Queens
,07/27/2020,78,Queens
,07/28/2020,73,Queens
,07/29/2020,67,Queens
,07/30/2020,61,Queens
,07/31/2020,58,Queens
,08/01/2020,54,Queens
,08/02/2020,33,Queens
,08/03/2020,84,Queens
,08/04/2020,46,Queens
,08/05/2020,80,Queens
,08/06/2020,66,Queens
,08/07/2020,57,Queens
,08/08/2020,43,Queens
,08/09/2020,36,Queens
,08/10/2020,76,Queens
,08/11/2020,51,Queens
,08/12/2020,86,Queens
,08/13/2020,67,Queens
,08/14/2020,69,Queens
,08/15/2020,42,Queens
,08/16/2020,39,Queens
,08/17/2020,95,Queens
,08/18/2020,87,Queens
,08/19/2020,69,Queens
,08/20/2020,54,Queens
,08/21/2020,60,Queens
,08/22/2020,34,Queens
,08/23/2020,40,Queens
,08/24/2020,84,Queens
,08/25/2020,69,Queens
,08/26/2020,66,Queens
,08/27/2020,61,Queens
,08/28/2020,52,Queens
,08/29/2020,32,Queens
,08/30/2020,42,Queens
,08/31/2020,77,Queens
,09/01/2020,73,Queens
,09/02/2020,69,Queens
,09/03/2020,90,Queens
,09/04/2020,59,Queens
,09/05/2020,34,Queens
,09/06/2020,62,Queens
,09/07/2020,52,Queens
,09/08/2020,98,Queens
,09/09/2020,82,Queens
,09/10/2020,70,Queens
,09/11/2020,77,Queens
,09/12/2020,61,Queens
,09/13/2020,66,Queens
,09/14/2020,97,Queens
,09/15/2020,72,Queens
,09/16/2020,82,Queens
,09/17/2020,93,Queens
,09/18/2020,66,Queens
,09/19/2020,53,Queens
,09/20/2020,28,Queens
,09/21/2020,115,Queens
,09/22/2020,99,Queens
,09/23/2020,104,Queens
,09/24/2020,93,Queens
,09/25/2020,124,Queens
,09/26/2020,61,Queens
,09/27/2020,106,Queens
,09/28/2020,109,Queens
,09/29/2020,175,Queens
,09/30/2020,134,Queens
,10/01/2020,135,Queens
,10/02/2020,140,Queens
,10/03/2020,97,Queens
,10/04/2020,84,Queens
,10/05/2020,195,Queens
,10/06/2020,145,Queens
,10/07/2020,132,Queens
,10/08/2020,111,Queens
,10/09/2020,143,Queens
,10/10/2020,98,Queens
,10/11/2020,85,Queens
,10/12/2020,116,Queens
,10/13/2020,127,Queens
,10/14/2020,159,Queens
,10/15/2020,142,Queens
,10/16/2020,132,Queens
,10/17/2020,110,Queens
,10/18/2020,123,Queens
,10/19/2020,178,Queens
,10/20/2020,154,Queens
,10/21/2020,187,Queens
,10/22/2020,181,Queens
,10/23/2020,162,Queens
,10/24/2020,103,Queens
,10/25/2020,86,Queens
,10/26/2020,153,Queens
,10/27/2020,180,Queens
,10/28/2020,203,Queens
,10/29/2020,155,Queens
,10/30/2020,168,Queens
,10/31/2020,117,Queens
,11/01/2020,102,Queens
,11/02/2020,220,Queens
,11/03/2020,181,Queens
,11/04/2020,278,Queens
,11/05/2020,307,Queens
,11/06/2020,297,Queens
,11/07/2020,250,Queens
,11/08/2020,226,Queens
,11/09/2020,417,Queens
,11/10/2020,406,Queens
,11/11/2020,447,Queens
,11/12/2020,406,Queens
,11/13/2020,430,Queens
,11/14/2020,324,Queens
,11/15/2020,245,Queens
,11/16/2020,504,Queens
,11/17/2020,422,Queens
,11/18/2020,443,Queens
,11/19/2020,455,Queens
,11/20/2020,459,Queens
,11/21/2020,326,Queens
,11/22/2020,287,Queens
,11/23/2020,604,Queens
,11/24/2020,535,Queens
,11/25/2020,631,Queens
,11/26/2020,199,Queens
,11/27/2020,649,Queens
,11/28/2020,501,Queens
,11/29/2020,484,Queens
,11/30/2020,716,Queens
,12/01/2020,841,Queens
,12/02/2020,831,Queens
,12/03/2020,768,Queens
,12/04/2020,757,Queens
,12/05/2020,597,Queens
,12/06/2020,516,Queens
,12/07/2020,966,Queens
,12/08/2020,901,Queens
,12/09/2020,853,Queens
,12/10/2020,896,Queens
,12/11/2020,882,Queens
,12/12/2020,699,Queens
,12/13/2020,676,Queens
,12/14/2020,1006,Queens
,12/15/2020,1086,Queens
,12/16/2020,811,Queens
,12/17/2020,488,Queens
,12/18/2020,927,Queens
,12/19/2020,797,Queens
,12/20/2020,703,Queens
,12/21/2020,1291,Queens
,12/22/2020,1207,Queens
,12/23/2020,1188,Queens
,12/24/2020,876,Queens
,12/25/2020,301,Queens
,12/26/2020,1070,Queens
,12/27/2020,871,Queens
,12/28/2020,1533,Queens
,12/29/2020,1605,Queens
,12/30/2020,1493,Queens
,12/31/2020,1010,Queens
,01/01/2021,427,Queens
,01/02/2021,1333,Queens
,01/03/2021,1090,Queens
,01/04/2021,1865,Queens
,01/05/2021,1820,Queens
,01/06/2021,1671,Queens
,01/07/2021,1560,Queens
,01/08/2021,1595,Queens
,01/09/2021,1185,Queens
,01/10/2021,1023,Queens
,01/11/2021,1695,Queens
,01/12/2021,1532,Queens
,01/13/2021,1515,Queens
,01/14/2021,1532,Queens
,01/15/2021,1473,Queens
,01/16/2021,1049,Queens
,01/17/2021,860,Queens
,01/18/2021,1431,Queens
,01/19/2021,1520,Queens
,01/20/2021,1431,Queens
,01/21/2021,1498,Queens
,01/22/2021,1290,Queens
,01/23/2021,993,Queens
,01/24/2021,910,Queens
,01/25/2021,1619,Queens
,01/26/2021,1370,Queens
,01/27/2021,1377,Queens
,01/28/2021,1337,Queens
,01/29/2021,1081,Queens
,01/30/2021,916,Queens
,01/31/2021,911,Queens
,02/01/2021,233,Queens
,02/02/2021,768,Queens
,02/03/2021,1401,Queens
,02/04/2021,1407,Queens
,02/05/2021,1178,Queens
,02/06/2021,893,Queens
,02/07/2021,452,Queens
,02/08/2021,1237,Queens
,02/09/2021,996,Queens
,02/10/2021,1008,Queens
,02/11/2021,973,Queens
,02/12/2021,928,Queens
,02/13/2021,703,Queens
,02/14/2021,578,Queens
,02/15/2021,866,Queens
,02/16/2021,1018,Queens
,02/17/2021,914,Queens
,02/18/2021,551,Queens
,02/19/2021,855,Queens
,02/20/2021,783,Queens
,02/21/2021,666,Queens
,02/22/2021,975,Queens
,02/23/2021,930,Queens
,02/24/2021,940,Queens
,02/25/2021,954,Queens
,02/26/2021,880,Queens
,02/27/2021,619,Queens
,02/28/2021,569,Queens
,03/01/2021,1015,Queens
,03/02/2021,850,Queens
,03/03/2021,851,Queens
,03/04/2021,841,Queens
,03/05/2021,799,Queens
,03/06/2021,670,Queens
,03/07/2021,591,Queens
,03/08/2021,891,Queens
,03/09/2021,870,Queens
,03/10/2021,875,Queens
,03/11/2021,890,Queens
,03/12/2021,945,Queens
,03/13/2021,725,Queens
,03/14/2021,635,Queens
,03/15/2021,1031,Queens
,03/16/2021,889,Queens
,03/17/2021,890,Queens
,03/18/2021,834,Queens
,03/19/2021,797,Queens
,03/20/2021,669,Queens
,03/21/2021,587,Queens
,03/22/2021,755,Queens
,02/29/2020,0,Staten Island
,03/01/2020,0,Staten Island
,03/02/2020,0,Staten Island
,03/03/2020,0,Staten Island
,03/04/2020,0,Staten Island
,03/05/2020,0,Staten Island
,03/06/2020,1,Staten Island
,03/07/2020,1,Staten Island
,03/08/2020,1,Staten Island
,03/09/2020,3,Staten Island
,03/10/2020,2,Staten Island
,03/11/2020,3,Staten Island
,03/12/2020,13,Staten Island
,03/13/2020,26,Staten Island
,03/14/2020,23,Staten Island
,03/15/2020,47,Staten Island
,03/16/2020,91,Staten Island
,03/17/2020,108,Staten Island
,03/18/2020,150,Staten Island
,03/19/2020,258,Staten Island
,03/20/2020,310,Staten Island
,03/21/2020,248,Staten Island
,03/22/2020,317,Staten Island
,03/23/2020,209,Staten Island
,03/24/2020,350,Staten Island
,03/25/2020,394,Staten Island
,03/26/2020,404,Staten Island
,03/27/2020,371,Staten Island
,03/28/2020,266,Staten Island
,03/29/2020,230,Staten Island
,03/30/2020,398,Staten Island
,03/31/2020,237,Staten Island
,04/01/2020,263,Staten Island
,04/02/2020,369,Staten Island
,04/03/2020,345,Staten Island
,04/04/2020,345,Staten Island
,04/05/2020,323,Staten Island
,04/06/2020,730,Staten Island
,04/07/2020,630,Staten Island
,04/08/2020,562,Staten Island
,04/09/2020,298,Staten Island
,04/10/2020,300,Staten Island
,04/11/2020,312,Staten Island
,04/12/2020,253,Staten Island
,04/13/2020,185,Staten Island
,04/14/2020,290,Staten Island
,04/15/2020,317,Staten Island
,04/16/2020,210,Staten Island
,04/17/2020,280,Staten Island
,04/18/2020,153,Staten Island
,04/19/2020,134,Staten Island
,04/20/2020,224,Staten Island
,04/21/2020,216,Staten Island
,04/22/2020,173,Staten Island
,04/23/2020,128,Staten Island
,04/24/2020,143,Staten Island
,04/25/2020,88,Staten Island
,04/26/2020,46,Staten Island
,04/27/2020,106,Staten Island
,04/28/2020,130,Staten Island
,04/29/2020,124,Staten Island
,04/30/2020,130,Staten Island
,05/01/2020,78,Staten Island
,05/02/2020,61,Staten Island
,05/03/2020,35,Staten Island
,05/04/2020,89,Staten Island
,05/05/2020,79,Staten Island
,05/06/2020,60,Staten Island
,05/07/2020,60,Staten Island
,05/08/2020,42,Staten Island
,05/09/2020,32,Staten Island
,05/10/2020,14,Staten Island
,05/11/2020,27,Staten Island
,05/12/2020,53,Staten Island
,05/13/2020,47,Staten Island
,05/14/2020,42,Staten Island
,05/15/2020,33,Staten Island
,05/16/2020,25,Staten Island
,05/17/2020,10,Staten Island
,05/18/2020,38,Staten Island
,05/19/2020,42,Staten Island
,05/20/2020,56,Staten Island
,05/21/2020,78,Staten Island
,05/22/2020,32,Staten Island
,05/23/2020,37,Staten Island
,05/24/2020,15,Staten Island
,05/25/2020,17,Staten Island
,05/26/2020,57,Staten Island
,05/27/2020,43,Staten Island
,05/28/2020,30,Staten Island
,05/29/2020,27,Staten Island
,05/30/2020,16,Staten Island
,05/31/2020,12,Staten Island
,06/01/2020,42,Staten Island
,06/02/2020,34,Staten Island
,06/03/2020,45,Staten Island
,06/04/2020,30,Staten Island
,06/05/2020,8,Staten Island
,06/06/2020,7,Staten Island
,06/07/2020,4,Staten Island
,06/08/2020,19,Staten Island
,06/09/2020,19,Staten Island
,06/10/2020,14,Staten Island
,06/11/2020,16,Staten Island
,06/12/2020,18,Staten Island
,06/13/2020,2,Staten Island
,06/14/2020,4,Staten Island
,06/15/2020,18,Staten Island
,06/16/2020,20,Staten Island
,06/17/2020,17,Staten Island
,06/18/2020,25,Staten Island
,06/19/2020,9,Staten Island
,06/20/2020,6,Staten Island
,06/21/2020,9,Staten Island
,06/22/2020,18,Staten Island
,06/23/2020,16,Staten Island
,06/24/2020,14,Staten Island
,06/25/2020,28,Staten Island
,06/26/2020,16,Staten Island
,06/27/2020,13,Staten Island
,06/28/2020,11,Staten Island
,06/29/2020,23,Staten Island
,06/30/2020,29,Staten Island
,07/01/2020,39,Staten Island
,07/02/2020,17,Staten Island
,07/03/2020,8,Staten Island
,07/04/2020,12,Staten Island
,07/05/2020,12,Staten Island
,07/06/2020,28,Staten Island
,07/07/2020,32,Staten Island
,07/08/2020,25,Staten Island
,07/09/2020,18,Staten Island
,07/10/2020,13,Staten Island
,07/11/2020,13,Staten Island
,07/12/2020,13,Staten Island
,07/13/2020,35,Staten Island
,07/14/2020,19,Staten Island
,07/15/2020,22,Staten Island
,07/16/2020,35,Staten Island
,07/17/2020,23,Staten Island
,07/18/2020,19,Staten Island
,07/19/2020,17,Staten Island
,07/20/2020,32,Staten Island
,07/21/2020,21,Staten Island
,07/22/2020,20,Staten Island
,07/23/2020,27,Staten Island
,07/24/2020,28,Staten Island
,07/25/2020,13,Staten Island
,07/26/2020,19,Staten Island
,07/27/2020,26,Staten Island
,07/28/2020,18,Staten Island
,07/29/2020,13,Staten Island
,07/30/2020,12,Staten Island
,07/31/2020,18,Staten Island
,08/01/2020,7,Staten Island
,08/02/2020,8,Staten Island
,08/03/2020,19,Staten Island
,08/04/2020,7,Staten Island
,08/05/2020,15,Staten Island
,08/06/2020,18,Staten Island
,08/07/2020,6,Staten Island
,08/08/2020,7,Staten Island
,08/09/2020,12,Staten Island
,08/10/2020,22,Staten Island
,08/11/2020,18,Staten Island
,08/12/2020,18,Staten Island
,08/13/2020,12,Staten Island
,08/14/2020,16,Staten Island
,08/15/2020,9,Staten Island
,08/16/2020,7,Staten Island
,08/17/2020,14,Staten Island
,08/18/2020,14,Staten Island
,08/19/2020,18,Staten Island
,08/20/2020,20,Staten Island
,08/21/2020,14,Staten Island
,08/22/2020,7,Staten Island
,08/23/2020,7,Staten Island
,08/24/2020,15,Staten Island
,08/25/2020,12,Staten Island
,08/26/2020,16,Staten Island
,08/27/2020,13,Staten Island
,08/28/2020,23,Staten Island
,08/29/2020,7,Staten Island
,08/30/2020,25,Staten Island
,08/31/2020,22,Staten Island
,09/01/2020,24,Staten Island
,09/02/2020,17,Staten Island
,09/03/2020,17,Staten Island
,09/04/2020,26,Staten Island
,09/05/2020,24,Staten Island
,09/06/2020,13,Staten Island
,09/07/2020,19,Staten Island
,09/08/2020,30,Staten Island
,09/09/2020,25,Staten Island
,09/10/2020,27,Staten Island
,09/11/2020,16,Staten Island
,09/12/2020,19,Staten Island
,09/13/2020,13,Staten Island
,09/14/2020,26,Staten Island
,09/15/2020,18,Staten Island
,09/16/2020,17,Staten Island
,09/17/2020,25,Staten Island
,09/18/2020,24,Staten Island
,09/19/2020,13,Staten Island
,09/20/2020,22,Staten Island
,09/21/2020,24,Staten Island
,09/22/2020,25,Staten Island
,09/23/2020,37,Staten Island
,09/24/2020,26,Staten Island
,09/25/2020,28,Staten Island
,09/26/2020,33,Staten Island
,09/27/2020,28,Staten Island
,09/28/2020,47,Staten Island
,09/29/2020,33,Staten Island
,09/30/2020,40,Staten Island
,10/01/2020,25,Staten Island
,10/02/2020,36,Staten Island
,10/03/2020,17,Staten Island
,10/04/2020,26,Staten Island
,10/05/2020,37,Staten Island
,10/06/2020,29,Staten Island
,10/07/2020,37,Staten Island
,10/08/2020,33,Staten Island
,10/09/2020,31,Staten Island
,10/10/2020,36,Staten Island
,10/11/2020,14,Staten Island
,10/12/2020,37,Staten Island
,10/13/2020,45,Staten Island
,10/14/2020,33,Staten Island
,10/15/2020,40,Staten Island
,10/16/2020,38,Staten Island
,10/17/2020,39,Staten Island
,10/18/2020,33,Staten Island
,10/19/2020,35,Staten Island
,10/20/2020,38,Staten Island
,10/21/2020,49,Staten Island
,10/22/2020,76,Staten Island
,10/23/2020,48,Staten Island
,10/24/2020,32,Staten Island
,10/25/2020,32,Staten Island
,10/26/2020,69,Staten Island
,10/27/2020,76,Staten Island
,10/28/2020,90,Staten Island
,10/29/2020,56,Staten Island
,10/30/2020,76,Staten Island
,10/31/2020,52,Staten Island
,11/01/2020,44,Staten Island
,11/02/2020,93,Staten Island
,11/03/2020,92,Staten Island
,11/04/2020,137,Staten Island
,11/05/2020,112,Staten Island
,11/06/2020,130,Staten Island
,11/07/2020,90,Staten Island
,11/08/2020,99,Staten Island
,11/09/2020,203,Staten Island
,11/10/2020,146,Staten Island
,11/11/2020,169,Staten Island
,11/12/2020,164,Staten Island
,11/13/2020,173,Staten Island
,11/14/2020,111,Staten Island
,11/15/2020,152,Staten Island
,11/16/2020,185,Staten Island
,11/17/2020,190,Staten Island
,11/18/2020,198,Staten Island
,11/19/2020,200,Staten Island
,11/20/2020,224,Staten Island
,11/21/2020,161,Staten Island
,11/22/2020,178,Staten Island
,11/23/2020,289,Staten Island
,11/24/2020,238,Staten Island
,11/25/2020,296,Staten Island
,11/26/2020,91,Staten Island
,11/27/2020,274,Staten Island
,11/28/2020,215,Staten Island
,11/29/2020,278,Staten Island
,11/30/2020,376,Staten Island
,12/01/2020,361,Staten Island
,12/02/2020,382,Staten Island
,12/03/2020,335,Staten Island
,12/04/2020,328,Staten Island
,12/05/2020,247,Staten Island
,12/06/2020,216,Staten Island
,12/07/2020,370,Staten Island
,12/08/2020,291,Staten Island
,12/09/2020,319,Staten Island
,12/10/2020,276,Staten Island
,12/11/2020,266,Staten Island
,12/12/2020,218,Staten Island
,12/13/2020,248,Staten Island
,12/14/2020,350,Staten Island
,12/15/2020,337,Staten Island
,12/16/2020,236,Staten Island
,12/17/2020,185,Staten Island
,12/18/2020,336,Staten Island
,12/19/2020,260,Staten Island
,12/20/2020,293,Staten Island
,12/21/2020,429,Staten Island
,12/22/2020,364,Staten Island
,12/23/2020,398,Staten Island
,12/24/2020,240,Staten Island
,12/25/2020,97,Staten Island
,12/26/2020,393,Staten Island
,12/27/2020,311,Staten Island
,12/28/2020,562,Staten Island
,12/29/2020,584,Staten Island
,12/30/2020,463,Staten Island
,12/31/2020,386,Staten Island
,01/01/2021,122,Staten Island
,01/02/2021,508,Staten Island
,01/03/2021,396,Staten Island
,01/04/2021,655,Staten Island
,01/05/2021,516,Staten Island
,01/06/2021,524,Staten Island
,01/07/2021,453,Staten Island
,01/08/2021,480,Staten Island
,01/09/2021,372,Staten Island
,01/10/2021,343,Staten Island
,01/11/2021,467,Staten Island
,01/12/2021,415,Staten Island
,01/13/2021,379,Staten Island
,01/14/2021,418,Staten Island
,01/15/2021,355,Staten Island
,01/16/2021,297,Staten Island
,01/17/2021,254,Staten Island
,01/18/2021,378,Staten Island
,01/19/2021,334,Staten Island
,01/20/2021,355,Staten Island
,01/21/2021,351,Staten Island
,01/22/2021,328,Staten Island
,01/23/2021,246,Staten Island
,01/24/2021,179,Staten Island
,01/25/2021,357,Staten Island
,01/26/2021,279,Staten Island
,01/27/2021,279,Staten Island
,01/28/2021,267,Staten Island
,01/29/2021,233,Staten Island
,01/30/2021,162,Staten Island
,01/31/2021,218,Staten Island
,02/01/2021,44,Staten Island
,02/02/2021,142,Staten Island
,02/03/2021,320,Staten Island
,02/04/2021,284,Staten Island
,02/05/2021,241,Staten Island
,02/06/2021,179,Staten Island
,02/07/2021,100,Staten Island
,02/08/2021,266,Staten Island
,02/09/2021,244,Staten Island
,02/10/2021,272,Staten Island
,02/11/2021,227,Staten Island
,02/12/2021,232,Staten Island
,02/13/2021,136,Staten Island
,02/14/2021,113,Staten Island
,02/15/2021,231,Staten Island
,02/16/2021,189,Staten Island
,02/17/2021,193,Staten Island
,02/18/2021,110,Staten Island
,02/19/2021,226,Staten Island
,02/20/2021,170,Staten Island
,02/21/2021,149,Staten Island
,02/22/2021,229,Staten Island
,02/23/2021,197,Staten Island
,02/24/2021,214,Staten Island
,02/25/2021,262,Staten Island
,02/26/2021,214,Staten Island
,02/27/2021,140,Staten Island
,02/28/2021,149,Staten Island
,03/01/2021,261,Staten Island
,03/02/2021,253,Staten Island
,03/03/2021,264,Staten Island
,03/04/2021,250,Staten Island
,03/05/2021,236,Staten Island
,03/06/2021,171,Staten Island
,03/07/2021,147,Staten Island
,03/08/2021,256,Staten Island
,03/09/2021,231,Staten Island
,03/10/2021,259,Staten Island
,03/11/2021,207,Staten Island
,03/12/2021,244,Staten Island
,03/13/2021,174,Staten Island
,03/14/2021,147,Staten Island
,03/15/2021,221,Staten Island
,03/16/2021,208,Staten Island
,03/17/2021,256,Staten Island
,03/18/2021,223,Staten Island
,03/19/2021,255,Staten Island
,03/20/2021,145,Staten Island
,03/21/2021,156,Staten Island
,03/22/2021,243,Staten Island